{
  "timestamp": "2025-06-09T22:57:13.937Z",
  "score": 62.2,
  "rating": "greed",
  "previous_close": 63.2857142857143,
  "previous_week": 54.3142857142857,
  "previous_month": 62.9714285714286,
  "previous_year": 43.4
}